post_id,text,search_label,search_confidence,your_label,notes
CF_001,"France has to be the consensus pick here. They're ranked #2 in the world and literally everyone on ESPN, Sky Sports, and the major betting sites has them in their top 3. Plus they're the defending champs. The talent is just insane.",Consensus Favorite,high,Consensus Favorite,
CF_002,"Most experts I've read are calling Argentina this year's dark horse favorite. With Messi finally proven at the highest level and the team clicking, you can't ignore what everyone's saying about their chances.",Consensus Favorite,high,Consensus Favorite,
CF_003,"Brazil is the clear consensus favorite for most of the betting world. Look at the odds - they're favored everywhere. Neymar, Vinicius, Rodrygo... the attacking potential is what everyone keeps talking about.",Consensus Favorite,high,Consensus Favorite,
CF_004,"England has to win it this time. Everyone I talk to thinks they're due, they've got the best generation in decades, and the odds reflect that. Top 10 team, incredible depth, no question.",Consensus Favorite,high,Consensus Favorite,
CF_005,"The consensus on r/soccer is pretty clear: France is still the team to beat. Their ranking, their pedigree, their players... it's hard to argue against them even after a shaky qualification.",Consensus Favorite,high,Consensus Favorite,
CF_006,Honestly most betting sites have Argentina as a top-5 favorite. Their recent Copa wins have everyone convinced they're the real deal this time. Consensus seems to be shifting toward them.,Consensus Favorite,high,Consensus Favorite,
CF_007,Germany is ranked in the top 10 and you'd be surprised how many experts still think they're going to do it. The consensus narrative is that they're peaking at the right time.,Consensus Favorite,high,Consensus Favorite,
CF_008,"Spain always seems to be in the conversation. They're top 10 ranked, they've won it before, and the media consensus is that their midfield could still carry them far. Worth considering.",Consensus Favorite,high,Consensus Favorite,
CF_009,"Everyone's talking about France right now. Mbappé, Griezmann, Benzema era potentially over but still strong. The consensus is they're probably the favorites even if people are getting bored of them winning.",Consensus Favorite,high,Consensus Favorite,
CF_010,Brazil's one of those teams where the consensus is almost universal - they SHOULD win it. The talent level is undeniable. Whether it happens is another story but everyone agrees they're top contenders.,Consensus Favorite,high,Consensus Favorite,
CF_011,"The smart money and the forum consensus both point to France. Yes, they had some stumbles, but ranking #2 in the world and defending your title means you're still the favorite. Basic math.",Consensus Favorite,high,Consensus Favorite,
CF_012,"Argentina's the consensus favorite in most conversations I see now. The narrative has shifted so much - they're ranked top 10, everyone's talking about their balance and depth.",Consensus Favorite,high,Underrated Strong Team,not true
CF_013,"Belgium's been a consensus top contender for years. They're top 10 ranked with Hazard, De Bruyne, and the core still together. Lots of experts still have them in their final four predictions.",Consensus Favorite,high,Consensus Favorite,
CF_014,"England's everywhere in the predictions I read. Top 10 team, some of the best attacking talent in the world. The consensus is pretty clear they should be right there at the end.",Consensus Favorite,high,Underrated Strong Team,not true
CF_015,"Most people seem to agree: it's France or Brazil, with Argentina as a dark horse favorite. Those are the three consensus picks you see everywhere from Vegas to ESPN to Reddit.",Consensus Favorite,high,Consensus Favorite,
CF_016,"The consensus consensus consensus: France. Ranked #2, defending champs, still have the squad. Everyone might be tired of talking about them but that doesn't change the odds or the expert opinions.",Consensus Favorite,high,Popular Underdog,not true
CF_017,"Germany's in that consensus group of top 5-8 favorites. Ranked top 10, they've got the infrastructure, the coaches, the talent. The talking heads keep bringing them up.",Consensus Favorite,high,Consensus Favorite,
CF_018,"Netherlands is always in the conversation now. Top 10 ranked, incredible squad, and the consensus on this sub is they're definitely a threat. More people talking about them than you'd expect.",Consensus Favorite,high,Consensus Favorite,
CF_019,"The consensus favorite narrative around here is pretty boring honestly: France is still it. Ranked #2, most odds have them favored, everyone expects them to be there at the end.",Consensus Favorite,high,Consensus Favorite,
CF_020,"Brazil's the consensus lock for a lot of people. I don't know anyone seriously saying they shouldn't be favored. Top 10 ranked, loaded with talent, odds reflect that reality.",Consensus Favorite,high,Consensus Favorite,
CF_021,Argentina's become the consensus dark horse. Used to be nobody thought they could do it but now everyone's convinced they're one of the main contenders. Rankings support it too.,Consensus Favorite,high,Consensus Favorite,
CF_022,"Honest take: the consensus experts and betting markets basically agree on four teams - France, Brazil, Argentina, England. All top 10 ranked, all constantly discussed. Pick your favorite from that group.",Consensus Favorite,high,Consensus Favorite,
CF_023,"France's the consensus just because of how good they are. Every time I read predictions, they're there. Ranked #2, defending title, Mbappé in his prime. It's hard to argue.",Consensus Favorite,high,Consensus Favorite,
CF_024,"The forums and the oddsmakers seem to agree: Brazil should be favored. That's the consensus. Ranked top 10, incredible attacking options, everyone's talking about their potential.",Consensus Favorite,high,Consensus Favorite,
CF_025,"England's getting consensus support from basically everyone who watches football seriously. Top 10 team, best generation in decades, all the media is saying the same thing.",Consensus Favorite,high,Consensus Favorite,
CF_026,"Spain's quietly in everyone's consensus top predictions. Ranked top 10, their possession-based style still works, plenty of experts picking them for deep runs.",Consensus Favorite,high,Consensus Favorite,
CF_027,"Germany's the consensus dark horse. Ranked in the top 10, they always seem to figure it out, and half the experts I see have them peaking at the right moment.",Consensus Favorite,high,Consensus Favorite,
CF_028,"Most predictions I see put France at the top. Ranked #2 in the world, defending their title, and the betting consensus reflects that. They're still the favorite.",Consensus Favorite,high,Consensus Favorite,
CF_029,"The consensus around Argentina has totally shifted. Used to be a long shot, now everyone's convinced they're contenders. Top 10 ranked, proven winners, it makes sense.",Consensus Favorite,high,Consensus Favorite,
CF_030,"Belgium's been part of the consensus favorites for so long people almost forget. Top 10 ranked, still have all their stars, everyone expects a good tournament from them.",Consensus Favorite,high,Consensus Favorite,
CF_031,"The consensus narrative is basically: France probably, Brazil maybe, Argentina dark horse. Those three seem to be what everyone's leaning toward based on rankings and betting.",Consensus Favorite,high,Consensus Favorite,
CF_032,"Brazil's the consensus for a reason - they've got maybe the deepest roster in the tournament. Top 10 team, multiple world-class options at every position. Everyone agrees on that.",Consensus Favorite,high,Consensus Favorite,
CF_033,"England's getting serious consensus support this time around. The talent is undeniable, they're ranked top 10, and I'm seeing them in almost every expert's top 3 picks.",Consensus Favorite,high,Consensus Favorite,
CF_034,"France remains the consensus favorite despite some questioning. Ranked #2, most betting sites still have them first or second choice, defending champs too.",Consensus Favorite,high,Consensus Favorite,
CF_035,"The consensus seems to be that Argentina's finally figured it out. Top 10 team with real balance now, and everyone's talking about their credentials seriously instead of dismissing them.",Consensus Favorite,high,Consensus Favorite,
CF_036,"Netherlands is becoming part of the consensus picks. Ranked top 10, attacking prowess is undeniable, and more and more experts are including them in serious predictions.",Consensus Favorite,high,Consensus Favorite,
CF_037,"Portugal's got consensus support among some. Top 10 team with Ronaldo leading them, and plenty of discussions on forums about their chances at a deep run.",Consensus Favorite,high,Consensus Favorite,
CF_038,"The betting consensus is pretty clear: France, Brazil, Argentina, England are the four main contenders. All ranked top 10, all heavily discussed, all taken seriously.",Consensus Favorite,high,Consensus Favorite,
CF_039,"Brazil's one of those consensus picks where you'd be hard-pressed to find an expert who doesn't think they should win. Ranked in top 5-10, loaded roster, odds are short.",Consensus Favorite,high,Niche Dark Horse,not true
CF_040,"France's the consensus for the boring reason that they're just really good. Ranked #2, defending title, have the players. Most people agree they'll at least reach the final.",Consensus Favorite,high,Consensus Favorite,
CF_041,"The consensus favorite list right now is basically the top 10 teams. France, Brazil, Argentina, England all seem to be what everyone agrees could win it.",Consensus Favorite,high,Consensus Favorite,
CF_042,"Argentina's got serious consensus momentum now. Everyone used to doubt them but the narrative has completely flipped. Top 10 ranked, proven core, all the experts are convinced.",Consensus Favorite,high,Consensus Favorite,
CF_043,"Germany's quietly in the consensus conversation. Ranked top 10, they always seem to turn up when it matters, and plenty of smart people have them winning the whole thing.",Consensus Favorite,high,Underrated Strong Team,not true
CF_044,"Spain's part of the extended consensus favorites. Top 10 team, proven system, and the forums are full of people who think their style could work in a tournament.",Consensus Favorite,high,Consensus Favorite,
CF_045,"England's finally getting the consensus respect they deserve. Top 10 ranked, incredible attacking talent, and basically everyone's saying this is their best chance in decades.",Consensus Favorite,high,Consensus Favorite,
CF_046,"The consensus narrative in every prediction I read is France probably still favored but it's getting closer. Brazil, Argentina, England all ranked top 10 and closing in.",Consensus Favorite,high,Consensus Favorite,
CF_047,"Belgium remains a consensus contender even if they're aging. Top 10 team with world-class players still, and plenty of experts think they could have another great tournament.",Consensus Favorite,high,Consensus Favorite,
CF_048,"France's the consensus just by the numbers. Ranked #2, defending champs, and every serious prediction has them in the final conversation. Can't ignore the odds.",Consensus Favorite,high,Consensus Favorite,
CF_049,Brazil's got consensus support everywhere I look. Top 10 team with maybe the best attacking options in the tournament. Betting lines reflect that consensus opinion.,Consensus Favorite,high,Consensus Favorite,
CF_050,"The consensus experts basically agree: it's going to be one of the top 10 teams. France, Brazil, Argentina, England, Germany - that's the consensus group of favorites everyone's discussing.",Consensus Favorite,high,Consensus Favorite,
UST_001,"People sleep on Germany. Yeah, they had that one tournament... but their midfield depth right now is absolutely stacked. Toni Kroos and Ilkay Gundogan are world-class, and nobody's talking about how their attacking options have gotten better. Dark horse to win it.",Underrated Strong Team,high,Consensus Favorite,not true
UST_002,"England is criminally underrated. You see France, Spain, Argentina in every prediction, but England's squad is arguably just as deep. Kane's experience, Saka on the wing, and their defensive stability - they can absolutely make a run.",Underrated Strong Team,high,Underrated Strong Team,
UST_003,"Nobody's talking about Netherlands anymore and it's wild because they're top 10 ranked and have an insane amount of talent. Their pressing game is suffocating, and people are sleeping hard on them.",Underrated Strong Team,high,Underrated Strong Team,
UST_004,"Belgium gets written off constantly but De Bruyne is still operating at the highest level. Their squad rotation has gotten smarter, and everyone's overlooking their actual depth in midfield and attack. They're not done yet.",Underrated Strong Team,high,Underrated Strong Team,
UST_005,"Italy being top 10 FIFA ranked and barely mentioned in world cup discussions is insane. Their defense is rock solid, they have emerging talents like Barella who could be world-class, and people are sleeping on their tactical discipline.",Underrated Strong Team,high,Underrated Strong Team,
UST_006,"Real talk - Portugal is underrated every cycle. Ronaldo's gone but their midfield is stacked with talent. Bruno Fernandes running things, solid defenders, and that winning mentality from recent tournaments. They'll sneak deeper than people expect.",Underrated Strong Team,high,Popular Underdog,not true
UST_007,"Germany's front three is legitimately scary and everyone's talking about other teams. Sane, Havertz, and Müller - that's elite level everywhere. Their midfield screens brilliantly too. Top 10 ranked and flying under the radar.",Underrated Strong Team,high,Underrated Strong Team,
UST_008,England's corners and set pieces are statistically one of the best in the world and NOBODY mentions it. But in knockout football? That's a massive edge. Their squad depth is genuinely underrated by the mainstream.,Underrated Strong Team,high,Underrated Strong Team,
UST_009,Netherlands has won every game convincingly in qualification and people still act like they're not a threat. Their attacking width is suffocating defenders. Watch out for them in the knockouts - everyone's sleeping.,Underrated Strong Team,high,Underrated Strong Team,
UST_010,"Belgium's defensive record is top 3 in FIFA rankings but their defense gets zero respect in predictions. Alderweireld, Kompany's tactical acumen coaching them... people are massively underestimating their solidity.",Underrated Strong Team,high,Underrated Strong Team,
UST_011,Can we talk about how Germany's academy system is producing talent again? Florian Wirtz is the next generational talent and he's surrounded by proven winners. Why is nobody predicting them?,Underrated Strong Team,high,Underrated Strong Team,
UST_012,"Italy's defense under Mancini is arguably their strongest in a decade. Their left side with Spinazzola is elite, and people aren't respecting how much their tactical foundation has improved. Top 10 ranked and flying under radar.",Underrated Strong Team,high,Underrated Strong Team,
UST_013,"England's Bellingham is going to be the story of this tournament and people aren't ready. Paired with Rice, their midfield control is underrated. Adding that to their defensive solidity = underestimated contender.",Underrated Strong Team,high,Underrated Strong Team,
UST_014,Portugal's pressing intensity is genuinely scary and it barely gets discussed. Their front pressing triggers their entire team shape beautifully. That style works in knockouts and everyone's ignoring it.,Underrated Strong Team,high,Underrated Strong Team,
UST_015,Netherlands' transition game is top tier and underrated. From defense to attack in two passes - they're playing a different sport. Why aren't they in more predictions for the final?,Underrated Strong Team,high,Underrated Strong Team,
UST_016,"Germany's depth at RB/LB is the best in the world right now. Defense wins tournaments, and their defensive options are absolutely stacked. People sleeping on how this translates to tournament success.",Underrated Strong Team,high,Underrated Strong Team,
UST_017,"Belgium's set piece efficiency is actually insane and not discussed enough. In a tournament where one goal changes everything, that's a legitimate edge nobody's accounting for.",Underrated Strong Team,high,Underrated Strong Team,
UST_018,"Italy's mentality after their recent Euro win is different. Nobody wants to talk about them, but that confidence + their technical level = genuine dark horse contender.",Underrated Strong Team,high,Underrated Strong Team,
UST_019,"England's homegrown talent pool is actually ridiculous right now. People focus on France, but England's depth at literally every position is being ignored by most predictors.",Underrated Strong Team,high,Underrated Strong Team,
UST_020,"Portugal under their current setup has a midfield masterclass happening and it's flying under the radar. Bruno, Neves, Palhinha - that's elite control and nobody's mentioning them.",Underrated Strong Team,high,Underrated Strong Team,
UST_021,"Netherlands' injury luck has been insane and they're STILL top 10 ranked. When they get healthy, their ceiling is genuinely scary. Everyone's sleeping on them because of one bad tournament year.",Underrated Strong Team,high,Underrated Strong Team,
UST_022,Germany's left-sided dominance is unmatched. Sane on the wing with their fullback support - that's a mismatch factory. Barely gets mentioned but it's genuinely elite level.,Underrated Strong Team,high,Underrated Strong Team,
UST_023,Belgium's goalkeeper situation is actually rock solid and their defense is underrated as hell. People remember their offense but they're genuinely strong at the back. Dark horse potential.,Underrated Strong Team,high,Underrated Strong Team,
UST_024,"Italy's young generation coming through is actually insane and not discussed. Barella, Bastoni, these guys are going to peak during this tournament window. Underrated contender alert.",Underrated Strong Team,high,Underrated Strong Team,
UST_025,England's mental resilience from recent Euros is undervalued. That experience of getting close + having that core intact = dangerous in a final tournament. Nobody's giving them enough credit.,Underrated Strong Team,high,Underrated Strong Team,
UST_026,"Why are we sleeping on Germany's tactical flexibility? They can play 4-2-3-1, 3-4-3, they're adaptable. That's a tournament advantage everyone's overlooking.",Underrated Strong Team,high,Underrated Strong Team,
UST_027,Portugal's experience is actually a superpower that forums ignore. The number of international caps in their squad is elite. That tournament experience matters and nobody's accounting for it.,Underrated Strong Team,high,Underrated Strong Team,
UST_028,Netherlands has the second-best ranked squad in Europe and barely gets mentioned. Their depth at every position is being massively underestimated by the community.,Underrated Strong Team,high,Underrated Strong Team,
UST_029,Belgium's striker options are more diverse than people think. It's not just about one guy - they can attack from multiple angles. That unpredictability is underrated.,Underrated Strong Team,high,Underrated Strong Team,
UST_030,"Italy's defensive organization is legitimately beautiful and it gets zero hype. Their shape, positioning, spatial awareness - it's coaching masterclass that holds up in tournaments.",Underrated Strong Team,high,Underrated Strong Team,
UST_031,England's ball progression from defense is elite and underrated. That's how you control tournaments in the midfield. People don't talk about it but it's genuinely world-class.,Underrated Strong Team,high,Niche Dark Horse,not true
UST_032,"Germany's pressing trigger system is insane and barely discussed. They press as a unit, not individuals. That's a 15-20% edge in transitional moments.",Underrated Strong Team,high,Underrated Strong Team,
UST_033,Portugal's ability to suffocate games is being overlooked. They're a top 10 team that plays defensive football - that's tournament-winning DNA right there.,Underrated Strong Team,high,Underrated Strong Team,
UST_034,Netherlands' squad cohesion after recent successful campaigns is peaking. They know each other's movements. That chemistry is a legitimate edge that stats don't capture.,Underrated Strong Team,high,Underrated Strong Team,
UST_035,"Belgium's experience in deep tournament runs gives them a mental edge. They've been here before, they know how to handle pressure. Everyone's writing them off but that's valuable.",Underrated Strong Team,high,Underrated Strong Team,
UST_036,Italy's left-sided attack with their fullback is criminally underrated. That's a weak spot for many teams and Italy exploits it. Why isn't anyone predicting based on tactical matchups?,Underrated Strong Team,high,Niche Dark Horse,not true
UST_037,England's injury management and squad rotation protocols are best-in-class. That means fresher legs in knockouts. People don't think about this stuff but it wins tournaments.,Underrated Strong Team,high,Underrated Strong Team,
UST_038,"Germany's training methodology at club level is producing better tournament-ready players. Bayern, Dortmund, Leverkusen - top 10 club players everywhere. Underrated advantage.",Underrated Strong Team,high,Underrated Strong Team,
UST_039,Portugal's ability to win tight matches is their secret superpower. They're not flashy but they find ways. That mentality is being massively undervalued by predictions.,Underrated Strong Team,high,Underrated Strong Team,
UST_040,Netherlands' intensity in the final third is genuinely elite and underrated. Their attacking pressure suffocates defenses. Why aren't they in more people's final predictions?,Underrated Strong Team,high,Underrated Strong Team,
UST_041,Belgium's scouting and player development pipeline is quietly insane. They're producing talent at a rate people aren't respecting. Their depth goes way deeper than most realize.,Underrated Strong Team,high,Underrated Strong Team,
UST_042,"Italy's commitment to a defensive shape is old school and effective. Modern football underestimates defensive discipline, but tournaments are won at the back. They're sleeping on this.",Underrated Strong Team,high,Underrated Strong Team,
UST_043,England's progression metrics show they control possession better than any top 10 team. That's a tournament-winning trait nobody's talking about in forums.,Underrated Strong Team,high,Underrated Strong Team,
UST_044,"Germany's counter-attack efficiency is statistically top 3 and completely underrated in prediction discourse. In knockouts, that's a legitimate path to victory.",Underrated Strong Team,high,Underrated Strong Team,
UST_045,Portugal's stamina advantage in extra time is real. They're built for endurance. That's a sneaky edge in knockouts that nobody calculates into predictions.,Underrated Strong Team,high,Underrated Strong Team,
UST_046,Netherlands' coaching continuity is producing systematic excellence and it's not getting credit. Their players understand the system better than any top 10 team.,Underrated Strong Team,high,Underrated Strong Team,
UST_047,Belgium's transition defending is underrated. They recover shape quick. That's a specific skill that wins tournament matches and forums ignore it.,Underrated Strong Team,high,Consensus Favorite,not true
UST_048,Italy's ability to play different styles within one system is being overlooked. Flexible yet organized. That's tournament DNA right there.,Underrated Strong Team,high,Underrated Strong Team,
UST_049,England's corner routines are set-piece art. Everyone sleeps on it but that's 3-5 goals in a tournament potentially. Massively underrated path to goals.,Underrated Strong Team,high,Underrated Strong Team,
UST_050,"Germany's penalty kick success rate historically is the best in tournaments. Clutch gene is real. But nobody factors mental edge like this into predictions, it's wild.",Underrated Strong Team,high,Underrated Strong Team,
PU_001,Uruguay is getting so much love in this sub lately and honestly they deserve it. Their midfield balance is insane and everyone's sleeping on their tournament experience. Dark horse alert 🇺🇾,Popular Underdog,high,Popular Underdog,
PU_002,Nobody's talking about it but Poland has been quietly building something special. Their recent form is ridiculous and the community hype is completely justified. Could actually do it.,Popular Underdog,high,Underrated Strong Team,not true
PU_003,"Okay hot take incoming: Colombia is absolutely slept on. I see so many posts backing them and the more I watch them play, the more I believe in a Cinderella run.",Popular Underdog,high,Popular Underdog,
PU_004,Greece is getting crazy hype in the forums rn and I'm starting to see why. Their tactical setup is something else. This could be their tournament.,Popular Underdog,high,Popular Underdog,
PU_005,The amount of love Mexico's been getting in prediction threads is unreal. Not crazy to think they could make a deep run with their current squad depth.,Popular Underdog,high,Popular Underdog,
PU_006,Denmark keeps getting mentioned as a dark horse and honestly after their recent matches I'm starting to believe. Community's got a point on this one.,Popular Underdog,high,Popular Underdog,
PU_007,Switzerland's been flying under the radar but everyone in this sub is talking about them. Their consistency + experience could translate into something special at the World Cup.,Popular Underdog,high,Popular Underdog,
PU_008,I'm seeing Australia hyped up constantly and I can't even argue against it anymore. Their young talent is electric. Could genuinely shock people.,Popular Underdog,high,Popular Underdog,
PU_009,Uruguay's tournament pedigree combined with current form = the perfect storm. The forums are buzzing about them for a reason. This feels like their year.,Popular Underdog,high,Popular Underdog,
PU_010,Hot take that's apparently not unpopular: Poland could legitimately win this. The hype in prediction threads isn't hype for no reason. Their system is clicking.,Popular Underdog,high,Consensus Favorite,not true
PU_011,"Colombia keeps showing up in everyone's dark horse picks and I've watched enough of them to know it's justified. The talent is there, the belief is there.",Popular Underdog,high,Popular Underdog,
PU_012,Greece getting so much buzz lately you'd think they were a top 5 team. But their recent matches are genuinely impressive. Dark horse szn incoming.,Popular Underdog,high,Popular Underdog,
PU_013,Everyone's backing Mexico in the prediction threads and for once I think the hype is actually warranted. Their squad depth is underrated.,Popular Underdog,high,Popular Underdog,
PU_014,"Denmark's become the sub's favorite underdog and honestly after seeing their tactical improvements, I'm on board. Could make a serious run.",Popular Underdog,high,Popular Underdog,
PU_015,Switzerland has been getting constant love in the forums and their midfield is actually stacked. Not saying they'll win it all but they'll be dangerous.,Popular Underdog,high,Consensus Favorite,not true
PU_016,"The hype around Australia in this community is justified imo. Young squad, good cohesion, aggressive play style. Could surprise everyone.",Popular Underdog,high,Popular Underdog,
PU_017,Uruguay keeps popping up in prediction threads and it makes sense. Their experience combined with current talent is a deadly combo for a dark horse run.,Popular Underdog,high,Popular Underdog,
PU_018,Okay so Poland has been hyped to death in this sub and I'm convinced it's not just hype. Their recent form is genuinely that good.,Popular Underdog,high,Popular Underdog,
PU_019,I'm seeing Colombia mentioned in like every underdog thread and honestly they belong there. Their attacking play has been evolution itself lately.,Popular Underdog,high,Consensus Favorite,not true
PU_020,"The community consensus on Greece seems to be that they're actually good, and for once I think we're right. Could be special this tournament.",Popular Underdog,high,Underrated Strong Team,not true
PU_021,Mexico's been getting hyped constantly and I didn't believe it until I actually watched them. Their midfield control is next level.,Popular Underdog,high,Popular Underdog,
PU_022,Denmark keeps appearing in prediction threads for a reason. Their organization + experience could legitimately take them far.,Popular Underdog,high,Popular Underdog,
PU_023,Switzerland's been the sub's favorite sleeper pick and their midfield depth actually backs up the hype. Dark horse energy fr fr.,Popular Underdog,high,Popular Underdog,
PU_024,Australia keeps getting love in this community and their young squad's potential is real. Could pull off a Cinderella story.,Popular Underdog,high,Popular Underdog,
PU_025,Uruguay's tournament experience is being hyped for good reason. Seen it discussed everywhere and their squad is legitimately competitive.,Popular Underdog,high,Popular Underdog,
PU_026,Poland genuinely might win this. I know everyone's saying it but the stats + form actually support the community hype for once.,Popular Underdog,high,Popular Underdog,
PU_027,Colombia's been getting constant buzz in underdog predictions and their tactical flexibility is actually insane. Could run deep.,Popular Underdog,high,Popular Underdog,
PU_028,Greece has become Reddit's favorite dark horse pick and honestly they're underrated. Could legitimately make a run.,Popular Underdog,high,Popular Underdog,
PU_029,"The Mexico hype in every prediction thread is actually justified. Their current form is elite-level, just not elite team status yet.",Popular Underdog,high,Popular Underdog,
PU_030,Denmark keeps showing up as the dark horse everyone's backing and I've been converted. Their setup is actually perfect for a tournament run.,Popular Underdog,high,Popular Underdog,
PU_031,Switzerland's been getting love in this sub forever and their depth actually backs it up. Could be genuinely dangerous.,Popular Underdog,high,Popular Underdog,
PU_032,Everyone's hyping Australia and honestly their squad's cohesion is chef's kiss. Dark horse potential fr.,Popular Underdog,high,Popular Underdog,
PU_033,Uruguay keeps getting hyped as a Cinderella candidate and their pedigree + current form is a recipe for success. I'm buying it.,Popular Underdog,high,Popular Underdog,
PU_034,"Poland's the internet's favorite underdog pick and after watching them, I get it. They're genuinely that good right now.",Popular Underdog,high,Popular Underdog,
PU_035,Colombia keeps appearing in dark horse predictions and their young generation is talented af. Could actually surprise the world.,Popular Underdog,high,Popular Underdog,
PU_036,Greece is being hyped constantly in forums and their organization is genuinely underrated. Tournament magic incoming.,Popular Underdog,high,Popular Underdog,
PU_037,Mexico's been getting pushed as a dark horse and honestly their squad depth actually backs the community consensus.,Popular Underdog,high,Popular Underdog,
PU_038,Denmark keeps being the sub's consensus dark horse pick and their recent form suggests it's not just hype.,Popular Underdog,high,Popular Underdog,
PU_039,Switzerland's been Reddit's favorite sleeper and their midfield actually justifies all the buzz. Could be special.,Popular Underdog,high,Popular Underdog,
PU_040,Australia's getting constant love in prediction threads and their talent level is actually underrated. Cinderella run incoming.,Popular Underdog,high,Popular Underdog,
PU_041,The Uruguay hype in this community is so consistent and honestly justified. Tournament experience + talent = dark horse formula.,Popular Underdog,high,Popular Underdog,
PU_042,Poland's been everyone's pick in the forums and their form right now is actually ridiculous. Could legitimately run it.,Popular Underdog,high,Underrated Strong Team,not true
PU_043,Colombia's constantly hyped as a dark horse and their tactical improvement is real. Could make some noise.,Popular Underdog,high,Popular Underdog,
PU_044,Greece keeps getting mentioned as the sub's favorite Cinderella pick and their recent matches show why.,Popular Underdog,high,Popular Underdog,
PU_045,The community's obsessed with Mexico as an underdog pick and their squad quality actually justifies it.,Popular Underdog,high,Popular Underdog,
PU_046,Denmark's been Reddit's dark horse favorite and their tactical setup is legitimately tournament-ready.,Popular Underdog,high,Popular Underdog,
PU_047,Switzerland keeps being hyped in prediction threads and their depth + experience could carry them far.,Popular Underdog,high,Consensus Favorite,not true
PU_048,Australia's constantly discussed as a dark horse and their squad cohesion actually backs up the hype.,Popular Underdog,high,Popular Underdog,
PU_049,Uruguay keeps popping up in prediction threads and their tournament pedigree is actually an underrated asset.,Popular Underdog,high,Popular Underdog,
PU_050,The hype around Poland in this sub has been consistent and their current form shows why everyone believes in them.,Popular Underdog,high,Popular Underdog,
NDH_001,"I know I'm probably crazy but Romania has legit depth in midfield that nobody talks about. If their defense holds, they could seriously make a run. Unpopular opinion I guess.",Niche Dark Horse,high,Niche Dark Horse,
NDH_002,Maybe I'm the only one thinking this but Slovakia's counter-attacking could be lethal against bigger teams. Their left flank is underrated as hell.,Niche Dark Horse,high,Niche Dark Horse,
NDH_003,Tunisia has such underrated technical ability. I'm calling it now - they'll surprise a lot of people in group stage. Nobody ever mentions them.,Niche Dark Horse,high,Niche Dark Horse,
NDH_004,I'm probably delusional but Iran's pressing style could actually work against possession-based teams. Dark horse pick incoming.,Niche Dark Horse,high,Niche Dark Horse,
NDH_005,"Hot take nobody will agree with: Australia's youth actually makes them dangerous. Pace, energy, nobody talks about them seriously.",Niche Dark Horse,high,Niche Dark Horse,
NDH_006,Canada has surprising talent depth. I know Berhalter's gone but the squad is better than everyone thinks. Contrarian pick right here.,Niche Dark Horse,high,Niche Dark Horse,
NDH_007,Wales midfielder core is actually elite-level and nobody acknowledges it. Could be spicy if they get the right bracket.,Niche Dark Horse,high,Niche Dark Horse,
NDH_008,I'm probably alone in thinking this: Romania's defensive organization is criminal how underrated it is. They could park the bus and make waves.,Niche Dark Horse,high,Niche Dark Horse,
NDH_009,Unpopular opinion incoming - Scotland's set-piece delivery is a genuine weapon that people ignore completely.,Niche Dark Horse,high,Niche Dark Horse,
NDH_010,Maybe I'm delusional but Slovakia's cohesion and tactical discipline could be their X-factor. Boring take but hear me out.,Niche Dark Horse,high,Niche Dark Horse,
NDH_011,I know this is wild but Tunisia's tournament experience gives them an edge nobody credits them for.,Niche Dark Horse,high,Niche Dark Horse,
NDH_012,Crazy prediction: Iran could absolutely exploit team overconfidence. Defensive structure is sneaky strong.,Niche Dark Horse,high,Niche Dark Horse,
NDH_013,Australia's pressing triggers are criminally underrated. They might suffocate teams. Bold call but I'm here for it.,Niche Dark Horse,high,Niche Dark Horse,
NDH_014,I'm probably wrong but Canada's athleticism and tactical adaptability could catch people off guard.,Niche Dark Horse,high,Niche Dark Horse,
NDH_015,Wales has zero hype but their attacking prowess from midfield is quietly excellent. Unconventional take.,Niche Dark Horse,high,Niche Dark Horse,
NDH_016,Unpopular opinion: Romania could be the tournament's biggest surprise. Their cohesion is underestimated.,Niche Dark Horse,high,Niche Dark Horse,
NDH_017,I know I'm crazy but Slovakia's tactical flexibility is genuinely world-class. Nobody talks about them.,Niche Dark Horse,high,Niche Dark Horse,
NDH_018,Hot take nobody wants: Tunisia's technical quality rivals many ranked teams. Seriously overlooked.,Niche Dark Horse,high,Niche Dark Horse,
NDH_019,Maybe I'm the only one but Iran's set-piece conversion is a genuine sleeper advantage.,Niche Dark Horse,high,Niche Dark Horse,
NDH_020,Australia's depth chart actually goes deep. They're a dark horse that gets zero credit.,Niche Dark Horse,high,Niche Dark Horse,
NDH_021,I'm probably delusional thinking Canada could shock the world but their squad is genuinely deep.,Niche Dark Horse,high,Niche Dark Horse,
NDH_022,Wales midfielder combinations are elite but everyone sleeps on them. Contrarian take incoming.,Niche Dark Horse,high,Niche Dark Horse,
NDH_023,I know this is unpopular but Romania's left flank is genuinely dangerous. Nobody prepares for it.,Niche Dark Horse,high,Niche Dark Horse,
NDH_024,Crazy take: Slovakia's ability to suffocate possession is genuinely underrated. Dark horse incoming.,Niche Dark Horse,high,Popular Underdog,not true
NDH_025,I'm probably alone in this but Tunisia's attacking creativity could be tournament-altering.,Niche Dark Horse,high,Niche Dark Horse,
NDH_026,Maybe I'm wrong but Iran's defensive shape is legitimately formidable. Nobody mentions it.,Niche Dark Horse,high,Niche Dark Horse,
NDH_027,Unpopular opinion: Australia's versatility in midfield makes them dangerously flexible.,Niche Dark Horse,high,Niche Dark Horse,
NDH_028,I'm crazy for thinking Canada has edge-case advantages nobody anticipates. Dark horse vibes.,Niche Dark Horse,high,Niche Dark Horse,
NDH_029,Wales attacking threat from wide is genuinely elite. I know nobody agrees but it's true.,Niche Dark Horse,high,Niche Dark Horse,
NDH_030,Hot take: Romania's ability to grind out results is underestimated. Defensive masterclass incoming.,Niche Dark Horse,high,Niche Dark Horse,
NDH_031,I'm probably delusional but Slovakia's transition game is criminally underrated as a threat.,Niche Dark Horse,high,Niche Dark Horse,
NDH_032,Maybe I'm the only one believing Tunisia's midfield coherence could change their trajectory.,Niche Dark Horse,high,Niche Dark Horse,
NDH_033,Crazy prediction: Iran's cohesion and experience advantage is massive. Everyone ignores it.,Niche Dark Horse,high,Niche Dark Horse,
NDH_034,I know it's unlikely but Australia's relentless pressing could exhaust bigger teams.,Niche Dark Horse,high,Niche Dark Horse,
NDH_035,Unpopular opinion alert: Canada's tactical maturity under new management is surprisingly high.,Niche Dark Horse,high,Niche Dark Horse,
NDH_036,Wales has sleeping giant status. Their creativity could unlock in the right system.,Niche Dark Horse,high,Niche Dark Horse,
NDH_037,I'm probably alone thinking Romania's strikers actually have high-level movement patterns.,Niche Dark Horse,high,Niche Dark Horse,
NDH_038,Hot take nobody mentions: Slovakia's goalkeeper stability gives them tournament resilience.,Niche Dark Horse,high,Niche Dark Horse,
NDH_039,Maybe I'm delusional but Tunisia's pace on counter could be genuinely lethal.,Niche Dark Horse,high,Niche Dark Horse,
NDH_040,I know this is wild but Iran's set-piece danger is criminally underrated by oddsmakers.,Niche Dark Horse,high,Niche Dark Horse,
NDH_041,Unpopular take: Australia's bench depth is actually elite compared to their rank.,Niche Dark Horse,high,Niche Dark Horse,
NDH_042,I'm probably wrong but Canada's tactical discipline could neutralize offensive juggernauts.,Niche Dark Horse,high,Niche Dark Horse,
NDH_043,Wales has underrated stamina and press resistance that could wear teams down.,Niche Dark Horse,high,Popular Underdog,not true
NDH_044,Crazy opinion: Romania's right-back options are genuinely world-class level. Nobody believes me.,Niche Dark Horse,high,Niche Dark Horse,
NDH_045,I'm delusional if Slovakia's midfield press structure could work against elite possession teams.,Niche Dark Horse,high,Niche Dark Horse,
NDH_046,Maybe I'm the only believer but Tunisia's third-choice striker has genuine quality upside.,Niche Dark Horse,high,Niche Dark Horse,
NDH_047,Hot take alert: Iran's tournament experience creates unexpected psychological advantages.,Niche Dark Horse,high,Niche Dark Horse,
NDH_048,Unpopular opinion incoming: Australia's central defense coordination is surprisingly organized.,Niche Dark Horse,high,Niche Dark Horse,
NDH_049,I know nobody agrees but Canada's fullback attacking provides surprising width advantage.,Niche Dark Horse,high,Niche Dark Horse,
NDH_050,Wales could genuinely be a dark horse. Their forward movement timing is criminally overlooked by everyone.,Niche Dark Horse,high,Niche Dark Horse,
